koreanoutbreak_kie.xml,mrl8kio_0101_16.tif
koreanoutbreak_kim.xml,
koreanoutbreak_kim_00.xml,mrl8kio_0101_01.tif
koreanoutbreak_kim_01.xml,mrl8kio_0101_02.tif
koreanoutbreak_kim_02.xml,mrl8kio_0101_03.tif
koreanoutbreak_kim_03.xml,mrl8kio_0101_04.tif
koreanoutbreak_kim_04.xml,mrl8kio_0101_05.tif
koreanoutbreak_kim_05.xml,mrl8kio_0101_06.tif
koreanoutbreak_kim_06.xml,mrl8kio_0101_07.tif
koreanoutbreak_kim_07.xml,mrl8kio_0101_08.tif
koreanoutbreak_kim_08.xml,mrl8kio_0101_09.tif
koreanoutbreak_kim_09.xml,mrl8kio_0101_10.tif
koreanoutbreak_kim_10.xml,mrl8kio_0101_11.tif
koreanoutbreak_kim_11.xml,mrl8kio_0101_12.tif
koreanoutbreak_kim_12.xml,mrl8kio_0101_13.tif
koreanoutbreak_kim_13.xml,mrl8kio_0101_14.tif
koreanoutbreak_kim_14.xml,mrl8kio_0101_15.tif
koreanoutbreak_kio.xml,
koreanoutbreak_kio_01_00.xml,mrl8kio_0102_01.tif
koreanoutbreak_kio_01_01.xml,mrl8kio_0102_02.tif
koreanoutbreak_kio_01_02.xml,mrl8kio_0102_03.tif
koreanoutbreak_kio_01_03.xml,mrl8kio_0102_04.tif
koreanoutbreak_kio_01_04.xml,mrl8kio_0102_05.tif
koreanoutbreak_kio_01_05.xml,mrl8kio_0102_06.tif
koreanoutbreak_kio_01_06.xml,mrl8kio_0102_07.tif
koreanoutbreak_kio_01_07.xml,mrl8kio_0102_08.tif
koreanoutbreak_kio_01_08.xml,mrl8kio_0102_09.tif
koreanoutbreak_kio_01_09.xml,mrl8kio_0102_10.tif
koreanoutbreak_kio_01_10.xml,mrl8kio_0102_11.tif
koreanoutbreak_kio_01_11.xml,mrl8kio_0102_12.tif
koreanoutbreak_kio_01_12.xml,mrl8kio_0102_13.tif
koreanoutbreak_kio_01_13.xml,mrl8kio_0102_14.tif
koreanoutbreak_kio_01_14.xml,mrl8kio_0102_15.tif
koreanoutbreak_kio_01_15.xml,mrl8kio_0102_16.tif
koreanoutbreak_kio_01_16.xml,mrl8kio_0102_17.tif
koreanoutbreak_kio_01_17.xml,mrl8kio_0102_18.tif
koreanoutbreak_kio_01_18.xml,mrl8kio_0102_19.tif
koreanoutbreak_kio_01_19.xml,mrl8kio_0102_20.tif
koreanoutbreak_kio_01_20.xml,mrl8kio_0102_21.tif
koreanoutbreak_kio_01_21.xml,mrl8kio_0102_22.tif
koreanoutbreak_kio_01_22.xml,mrl8kio_0102_23.tif
koreanoutbreak_kio_01_23.xml,mrl8kio_0102_24.tif
koreanoutbreak_kio_01_24.xml,mrl8kio_0102_25.tif
koreanoutbreak_kio_01_25.xml,mrl8kio_0102_26.tif
koreanoutbreak_kio_01_26.xml,mrl8kio_0102_27.tif
koreanoutbreak_kio_01_27.xml,mrl8kio_0102_28.tif
koreanoutbreak_kio_01_28.xml,mrl8kio_0102_29.tif
koreanoutbreak_kio_01_29.xml,mrl8kio_0102_30.tif
koreanoutbreak_kio_01_30.xml,mrl8kio_0102_31.tif
koreanoutbreak_kio_01_31.xml,mrl8kio_0102_32.tif
koreanoutbreak_kio_01_32.xml,mrl8kio_0102_33.tif
koreanoutbreak_kio_01_33.xml,mrl8kio_0102_34.tif
koreanoutbreak_kio_01_34.xml,mrl8kio_0102_35.tif
koreanoutbreak_kio_01_35.xml,mrl8kio_0102_36.tif
koreanoutbreak_kio_01_36.xml,mrl8kio_0102_37.tif
koreanoutbreak_kio_01_37.xml,mrl8kio_0102_38.tif
koreanoutbreak_kio_02_00.xml,mrl8kio_0103_01.tif
koreanoutbreak_kio_02_01.xml,mrl8kio_0103_02.tif
koreanoutbreak_kio_02_02.xml,mrl8kio_0103_03.tif
koreanoutbreak_kio_02_03.xml,mrl8kio_0103_04.tif
koreanoutbreak_kio_02_04.xml,mrl8kio_0103_05.tif
koreanoutbreak_kio_02_05.xml,mrl8kio_0103_06.tif
koreanoutbreak_kio_02_06.xml,mrl8kio_0103_07.tif
koreanoutbreak_kio_02_07.xml,mrl8kio_0103_08.tif
koreanoutbreak_kio_02_08.xml,mrl8kio_0103_09.tif
koreanoutbreak_kio_02_09.xml,mrl8kio_0103_10.tif
koreanoutbreak_kio_02_10.xml,mrl8kio_0103_11.tif
koreanoutbreak_kio_02_11.xml,mrl8kio_0103_12.tif
koreanoutbreak_kio_02_12.xml,mrl8kio_0103_13.tif
koreanoutbreak_kio_02_13.xml,mrl8kio_0103_14.tif
koreanoutbreak_kio_02_15.xml,mrl8kio_0103_15.tif
koreanoutbreak_kio_02_16.xml,mrl8kio_0103_16.tif
koreanoutbreak_kio_02_17.xml,mrl8kio_0103_17.tif
koreanoutbreak_kio_02_18.xml,mrl8kio_0103_18.tif
koreanoutbreak_kio_02_19.xml,mrl8kio_0103_19.tif
koreanoutbreak_kio_02_20.xml,mrl8kio_0103_20.tif
koreanoutbreak_kio_02_21.xml,mrl8kio_0103_21.tif
koreanoutbreak_kio_02_22.xml,mrl8kio_0103_22.tif
koreanoutbreak_kio_03_00.xml,mrl8kio_0104_01.tif
koreanoutbreak_kio_03_01.xml,mrl8kio_0104_02.tif
koreanoutbreak_kio_03_02.xml,mrl8kio_0104_03.tif
koreanoutbreak_kio_03_03.xml,mrl8kio_0104_04.tif
koreanoutbreak_kio_03_04.xml,mrl8kio_0104_05.tif
koreanoutbreak_kio_04_00.xml,mrl8kio_0105_01.tif
koreanoutbreak_kio_04_01.xml,mrl8kio_0105_02.tif
koreanoutbreak_kio_04_02.xml,mrl8kio_0105_03.tif
koreanoutbreak_kio_04_03.xml,mrl8kio_0105_04.tif
koreanoutbreak_kio_04_04.xml,mrl8kio_0105_05.tif
koreanoutbreak_kio_04_05.xml,mrl8kio_0105_06.tif
koreanoutbreak_kio_04_08.xml,mrl8kio_0105_07.tif
koreanoutbreak_kio_05_00.xml,mrl8kio_0106_01.tif
koreanoutbreak_kio_05_01.xml,mrl8kio_0106_02.tif
koreanoutbreak_kio_05_02.xml,mrl8kio_0106_03.tif
koreanoutbreak_kio_05_03.xml,mrl8kio_0106_04.tif
koreanoutbreak_kio_05_04.xml,mrl8kio_0106_06.tif
koreanoutbreak_kio_05_05.xml,mrl8kio_0106_05.tif
koreanoutbreak_kio_05_06.xml,mrl8kio_0106_07.tif
koreanoutbreak_kio_05_07.xml,mrl8kio_0106_08.tif
koreanoutbreak_kio_05_08.xml,mrl8kio_0106_09.tif
koreanoutbreak_kio_05_09.xml,mrl8kio_0106_10.tif
koreanoutbreak_kio_05_10.xml,mrl8kio_0106_11.tif
koreanoutbreak_kio_05_11.xml,mrl8kio_0106_12.tif
koreanoutbreak_kio_05_12.xml,mrl8kio_0106_13.tif
koreanoutbreak_kio_05_13.xml,mrl8kio_0106_14.tif
koreanoutbreak_kio_05_14.xml,mrl8kio_0106_15.tif
koreanoutbreak_kio_06_00.xml,mrl8kio_0107_01.tif
koreanoutbreak_kio_06_01.xml,mrl8kio_0107_02.tif
koreanoutbreak_kio_06_02.xml,mrl8kio_0107_03.tif
koreanoutbreak_kio_06_03.xml,mrl8kio_0107_04.tif
koreanoutbreak_kio_06_04.xml,mrl8kio_0107_05.tif
koreanoutbreak_kio_06_05.xml,mrl8kio_0107_06.tif
koreanoutbreak_kio_06_06.xml,mrl8kio_0107_07.tif
koreanoutbreak_kio_06_07.xml,mrl8kio_0107_08.tif
koreanoutbreak_kio_06_08.xml,mrl8kio_0107_09.tif
koreanoutbreak_kio_06_09.xml,mrl8kio_0107_10.tif
koreanoutbreak_kio_06_10.xml,mrl8kio_0107_11.tif
koreanoutbreak_kio_06_11.xml,mrl8kio_0107_12.tif
koreanoutbreak_kio_06_12.xml,mrl8kio_0107_13.tif
koreanoutbreak_kio_06_13.xml,mrl8kio_0107_14.tif
koreanoutbreak_kio_06_14.xml,mrl8kio_0107_15.tif
koreanoutbreak_kio_06_15.xml,mrl8kio_0107_16.tif
koreanoutbreak_kio_06_16.xml,mrl8kio_0107_17.tif
koreanoutbreak_kio_06_17.xml,mrl8kio_0107_18.tif
koreanoutbreak_kio_06_18.xml,mrl8kio_0107_19.tif
koreanoutbreak_kio_07_00.xml,mrl8kio_0108_01.tif
koreanoutbreak_kio_07_01.xml,mrl8kio_0108_02.tif
koreanoutbreak_kio_07_02.xml,mrl8kio_0108_03.tif
koreanoutbreak_kio_07_03.xml,mrl8kio_0108_04.tif
koreanoutbreak_kio_07_04.xml,mrl8kio_0108_05.tif
koreanoutbreak_kio_07_05.xml,mrl8kio_0108_06.tif
koreanoutbreak_kio_08_00.xml,mrl8kio_0109_01.tif
koreanoutbreak_kio_08_01.xml,mrl8kio_0109_02.tif
koreanoutbreak_kio_08_02.xml,mrl8kio_0109_03.tif
koreanoutbreak_kio_08_03.xml,mrl8kio_0109_04.tif
koreanoutbreak_kio_09_00.xml,mrl8kio_0110_01.tif
koreanoutbreak_kio_09_01.xml,mrl8kio_0110_02.tif
koreanoutbreak_kio_09_02.xml,mrl8kio_0110_03.tif
koreanoutbreak_kio_09_03.xml,mrl8kio_0110_04.tif
koreanoutbreak_kio_09_04.xml,mrl8kio_0110_05.tif
koreanoutbreak_kio_09_05.xml,mrl8kio_0110_06.tif
koreanoutbreak_kio_09_06.xml,mrl8kio_0110_07.tif
koreanoutbreak_kio_09_07.xml,mrl8kio_0110_08.tif
koreanoutbreak_kio_09_08.xml,mrl8kio_0110_09.tif
koreanoutbreak_kio_09_09.xml,mrl8kio_0110_10.tif
koreanoutbreak_kio_09_10.xml,mrl8kio_0110_11.tif
koreanoutbreak_kio_09_11.xml,mrl8kio_0110_12.tif
koreanoutbreak_kio_09_12.xml,mrl8kio_0110_13.tif
koreanoutbreak_kio_09_13.xml,mrl8kio_0110_14.tif
koreanoutbreak_kio_09_14.xml,mrl8kio_0110_15.tif
koreanoutbreak_kio_09_15.xml,mrl8kio_0110_16.tif
koreanoutbreak_kio_09_16.xml,mrl8kio_0110_17.tif
koreanoutbreak_kio_09_17.xml,mrl8kio_0110_18.tif
koreanoutbreak_kio_10_00.xml,mrl8kio_0111_01.tif
koreanoutbreak_kio_10_01.xml,mrl8kio_0111_02.tif
koreanoutbreak_kio_10_02.xml,mrl8kio_0111_03.tif
koreanoutbreak_kio_10_03.xml,mrl8kio_0111_04.tif
koreanoutbreak_kio_10_04.xml,mrl8kio_0111_05.tif
koreanoutbreak_kio_10_05.xml,mrl8kio_0111_06.tif
koreanoutbreak_kio_10_06.xml,mrl8kio_0111_07.tif
koreanoutbreak_kio_10_07.xml,mrl8kio_0111_08.tif
koreanoutbreak_kio_10_08.xml,mrl8kio_0111_09.tif
koreanoutbreak_kio_10_09.xml,mrl8kio_0111_10.tif
koreanoutbreak_kio_10_10.xml,mrl8kio_0111_11.tif